<?xml version="1.0" encoding="UTF-8"?>
<project-private xmlns="http://www.netbeans.org/ns/project-private/1">
    <editor-bookmarks xmlns="http://www.netbeans.org/ns/editor-bookmarks/2" lastBookmarkId="0"/>
    <open-files xmlns="http://www.netbeans.org/ns/projectui-open-files/2">
        <group>
            <file>file:/C:/Users/Shikashi/Documents/NetBeansProjects/kkk/web/basic.jsp</file>
            <file>file:/C:/Users/Shikashi/Documents/NetBeansProjects/kkk/web/welcome.jsp</file>
            <file>file:/C:/Users/Shikashi/Documents/NetBeansProjects/kkk/web/CSS/login-register.css</file>
            <file>file:/C:/Users/Shikashi/Documents/NetBeansProjects/kkk/web/register.jsp</file>
            <file>file:/C:/Users/Shikashi/Documents/NetBeansProjects/kkk/web/logout.jsp</file>
            <file>file:/C:/Users/Shikashi/Documents/NetBeansProjects/kkk/web/index.jsp</file>
            <file>file:/C:/Users/Shikashi/Documents/NetBeansProjects/kkk/web/CSS/main.css</file>
        </group>
    </open-files>
</project-private>
